district_key,district_name,state,date,raw_forecast_rainfall_mm,observed_rainfall_mm,synoptic_regime,ai_predicted_rainfall_mm,p10_lower_bound,p50_median,p90_upper_bound,heavy_rain_probability_pct,model_version,forecast_source,observation_source,provenance_status
amritsar,Amritsar,Punjab,2026-09-03,6.3,6.3,NORMAL_BACKGROUND,6.28,1.8,6.3,7.04,0.0,v2.5-RealObservation-RegimeAware-HistGradientBoosting,NOAA_GFS_0.25_SEAMLESS,ECMWF_ERA5_LAND_REANALYSIS,VERIFIED_TRACEABLE
ranchi,Ranchi,Jharkhand,2026-09-03,1.8,1.8,NORMAL_BACKGROUND,1.82,1.8,1.8,2.81,0.0,v2.5-RealObservation-RegimeAware-HistGradientBoosting,NOAA_GFS_0.25_SEAMLESS,ECMWF_ERA5_LAND_REANALYSIS,VERIFIED_TRACEABLE
vijayawada,NTR (Vijayawada),Andhra Pradesh,2026-09-04,4.5,4.5,NORMAL_BACKGROUND,4.49,1.8,4.5,5.24,0.0,v2.5-RealObservation-RegimeAware-HistGradientBoosting,NOAA_GFS_0.25_SEAMLESS,ECMWF_ERA5_LAND_REANALYSIS,VERIFIED_TRACEABLE
east sikkim,East Sikkim (Gangtok),Sikkim,2026-09-07,5.7,5.7,NORMAL_BACKGROUND,5.69,4.3,5.7,6.43,0.0,v2.5-RealObservation-RegimeAware-HistGradientBoosting,NOAA_GFS_0.25_SEAMLESS,ECMWF_ERA5_LAND_REANALYSIS,VERIFIED_TRACEABLE
surat,Surat,Gujarat,2026-09-09,2.3,2.3,NORMAL_BACKGROUND,2.28,0.49,2.3,3.04,0.0,v2.5-RealObservation-RegimeAware-HistGradientBoosting,NOAA_GFS_0.25_SEAMLESS,ECMWF_ERA5_LAND_REANALYSIS,VERIFIED_TRACEABLE
ernakulam,Ernakulam (Kochi),Kerala,2026-09-14,0.6,0.6,BREAK_MONSOON,0.57,0.49,0.6,1.05,0.0,v2.5-RealObservation-RegimeAware-HistGradientBoosting,NOAA_GFS_0.25_SEAMLESS,ECMWF_ERA5_LAND_REANALYSIS,VERIFIED_TRACEABLE
satara,Satara,Maharashtra,2026-09-17,2.5,2.5,OROGRAPHIC_RAINFALL,2.52,1.8,2.5,3.24,0.0,v2.5-RealObservation-RegimeAware-HistGradientBoosting,NOAA_GFS_0.25_SEAMLESS,ECMWF_ERA5_LAND_REANALYSIS,VERIFIED_TRACEABLE
cuttack,Cuttack,Odisha,2026-09-22,31.5,31.5,MONSOON_LOW,31.92,8.19,32.85,32.85,0.0,v2.5-RealObservation-RegimeAware-HistGradientBoosting,NOAA_GFS_0.25_SEAMLESS,ECMWF_ERA5_LAND_REANALYSIS,VERIFIED_TRACEABLE
patna,Patna,Bihar,2026-09-25,12.8,12.8,ACTIVE_MONSOON,12.46,12.36,12.52,13.54,0.0,v2.5-RealObservation-RegimeAware-HistGradientBoosting,NOAA_GFS_0.25_SEAMLESS,ECMWF_ERA5_LAND_REANALYSIS,VERIFIED_TRACEABLE
dakshina kannada,Dakshina Kannada (Mangaluru),Karnataka,2026-09-29,0.6,0.6,BREAK_MONSOON,0.56,0.6,0.6,1.05,0.0,v2.5-RealObservation-RegimeAware-HistGradientBoosting,NOAA_GFS_0.25_SEAMLESS,ECMWF_ERA5_LAND_REANALYSIS,VERIFIED_TRACEABLE
