district,sample_count,raw_gfs_rmse,corrected_rmse,rmse_improvement_percent,raw_gfs_mae,corrected_mae
Ahmedabad,28,7.9370514496433575,8.053975047694982,-1.4731364511550187,2.960714285714286,4.69249813832669
Amritsar,28,2.2961147308318144,1.8751818251279988,18.332398640695278,1.242857142857143,1.6008416881979923
Bengaluru Urban,28,10.062163925177469,6.0523573842648135,39.850340053389,4.607142857142857,3.701152932060784
Bhopal,28,4.7346745249428555,4.793091665527658,-1.2338153399363372,2.8785714285714286,3.820049572629101
Cachar (Silchar),28,14.348481751440762,14.06595249376199,1.9690533296346957,8.175,10.124119497725095
Chennai,28,6.691118847290895,5.525287694483295,17.423560684169015,3.6750000000000007,3.847042262763715
Chhatrapati Sambhaji Nagar (Aurangabad),28,8.249545442022852,4.564821666837243,44.6657794793853,3.5714285714285707,3.4881077915148224
Coimbatore,28,4.45393084813853,3.832450246660465,13.953530547916019,2.9392857142857145,3.3003925769393696
Cuttack,28,8.782998999690905,19.294072642413816,-119.67522304275361,5.867857142857142,11.17138274345753
Dakshina Kannada (Mangaluru),28,2.2848882435940463,3.0592752102074505,-33.89167801902301,1.2214285714285713,2.499642052811279
Darjeeling,28,17.621253401179253,10.413583778977273,40.90327434778065,11.607142857142858,8.727479451910979
Dehradun,28,9.356758443575881,8.986922392274195,3.9526087323073527,4.4678571428571425,4.535196249695401
East Khasi Hills (Cherrapunji/Sohra),28,9.963451065913715,11.433004310419598,-14.74944007637494,6.160714285714285,10.082403301589432
East Sikkim (Gangtok),28,11.731900954235847,10.9616315021734,6.565597979961963,7.875,8.726489519693198
Ernakulam (Kochi),28,4.11903248001622,4.183912857917296,-1.5751363509719125,1.792857142857143,3.4829804152331816
Hyderabad,28,5.47914878686201,3.465250194053709,36.75568361343388,3.310714285714286,2.7860761652142267
Idukki,28,5.800277086977336,4.8747394652592995,15.956782888804307,4.953571428571428,4.085713602404493
Jaipur,28,1.877022718486456,2.5092251635400147,-33.68112910020275,1.0464285714285715,2.068355754218587
Jodhpur,28,1.9557607215607948,2.342303140511238,-19.76430013595748,0.85,2.0431073878044255
Kamrup Metropolitan (Guwahati),28,4.926277934273937,9.66541248941826,-96.20112016361098,3.546428571428571,8.286951314443705
Khordha (Bhubaneswar),28,9.643224860713646,10.386445557868688,-7.707179993104922,6.639285714285714,8.548788316748679
Kolhapur,28,2.7316269354151776,3.4625286549795176,-26.757010999133772,1.9250000000000003,2.9474983170842437
Kolkata,28,9.807285921337112,10.752791544853304,-9.640848967797641,6.942857142857142,7.836931490732248
Kozhikode,28,1.4403620576587184,2.934954863577767,-103.76507753533033,0.8749999999999999,2.7129000679810256
Kullu (Manali),28,4.788788990966297,4.1136308402465565,14.098724165825166,2.5607142857142864,2.873302714425786
Kutch (Bhuj),28,16.621479219027755,9.172633647273685,44.814576811111145,4.264285714285714,4.086646257067402
Lucknow,28,12.853668181273614,15.923217760680652,-23.88072833464797,6.4678571428571425,9.266322047505293
Madurai,28,8.20824933483731,8.083537357196496,1.519349285742499,4.117857142857143,5.912898078583617
Mumbai City,28,3.4663175190477205,4.909676313605934,-41.63954359711221,2.746428571428571,4.255517586374928
Mumbai Suburban,28,5.074129059679672,6.806804786713119,-34.147253778027284,2.889285714285714,4.932286469180555
NTR (Vijayawada),28,9.143752746313424,11.488823318674502,-25.646697121229163,5.060714285714285,5.8554544164859985
Nagpur,28,6.232604362773009,7.9402448400283365,-27.398505951299697,4.125,5.814419261337977
Nainital,28,8.427209333038853,14.0457385512872,-66.67129053292788,4.621428571428572,7.3957496891628605
Nashik,28,5.813930315568438,5.084531710961074,12.54570600294595,3.610714285714286,4.132440417694173
New Delhi,28,4.964624859946621,4.521069483751017,8.934318074545786,2.932142857142857,3.088269894058984
Nilgiris (Udhagamandalam),28,13.011107891775726,7.114741942658224,45.31793908837366,6.053571428571429,4.908554453137441
North Goa (Panaji),28,4.351887931855388,3.9337594543385257,9.607978975198405,2.9321428571428574,3.240878828276194
Palakkad,28,5.8961246352401435,5.138124164034913,12.855909908599783,3.607142857142857,4.604074666382551
Patna,28,9.049802681353256,8.49657171302201,6.1131826605585005,5.410714285714286,5.948777180708587
Pune,28,6.014951608877901,4.552558251914931,24.312637109241546,3.7821428571428575,3.668668385522281
Puri,28,10.166594457198677,13.245768091402597,-30.28716889581098,6.575000000000001,8.697693137651514
Raigad,28,3.936232789283247,5.072107169320783,-28.856890352878967,3.0035714285714286,4.376721237582616
Ranchi,28,17.561290629433493,7.59864816248812,56.73069637744932,8.303571428571427,5.407928560629522
Ratnagiri,28,3.674671997024263,4.610914431358935,-25.47825860628753,2.882142857142857,3.8565787316847238
Satara,28,4.382432462196569,4.695486434922237,-7.1433838496340165,2.5928571428571425,3.442374183911476
Shimla,28,3.840572873934304,3.041417177388556,20.808241967482537,2.7142857142857144,2.2534231861538596
Shivamogga (Agumbe),28,2.80178514522438,2.6395725753792925,5.789614886122777,1.864285714285714,2.2562027846765886
Sindhudurg,28,4.680125150951781,5.248264454475291,-12.13940407999494,3.564285714285714,4.503292471393619
Solapur,28,3.2863896821370924,3.9010357922846746,-18.7027762863437,2.2464285714285714,3.098380785084575
Srinagar,28,1.6030105605213139,1.8690078326460697,-16.593606971513093,1.1607142857142858,1.391005551223573
Surat,28,4.6686645383266265,5.719895085579518,-22.51672911221161,2.7071428571428564,4.21685780928118
Thane,28,6.98638983002973,7.207396428969028,-3.163387734096105,3.4821428571428568,5.087363393493967
Thiruvananthapuram,28,4.953281740422201,5.842147768255638,-17.944992318520388,2.814285714285714,3.9395102526670636
Uttara Kannada (Karwar),28,3.9597979746446668,4.579641648221444,-15.653416602204286,2.378571428571429,3.531086138655277
Varanasi,28,5.417465142613155,6.54914608549114,-20.88949191341008,3.4035714285714285,4.822688947609822
Visakhapatnam,28,30.01813142561866,16.158971463635947,46.169296034711735,10.453571428571431,8.191224316216855
Wayanad,28,8.772460967628835,6.105558676616235,30.40084533694373,5.703571428571429,4.980138974314726
