district,sample_count,raw_rmse,v1_rmse,v2_rmse,raw_mae,v1_mae,v2_mae,v2_rmse_improvement_percent
Ahmedabad,28,7.9371,8.054,7.7238,2.9607,4.6925,4.1444,2.69
Amritsar,28,2.2961,1.8752,1.8222,1.2429,1.6008,1.177,20.64
Bengaluru Urban,28,10.0622,6.0524,5.4918,4.6071,3.7012,3.4563,45.42
Bhopal,28,4.7347,4.7931,4.5309,2.8786,3.82,3.4693,4.3
Cachar (Silchar),28,14.3485,14.066,13.4813,8.175,10.1241,9.1469,6.04
Chennai,28,6.6911,5.5253,5.6045,3.675,3.847,3.9378,16.24
Chhatrapati Sambhaji Nagar (Aurangabad),28,8.2495,4.5648,4.3215,3.5714,3.4881,3.5374,47.62
Coimbatore,28,4.4539,3.8325,3.87,2.9393,3.3004,2.9987,13.11
Cuttack,28,8.783,19.2941,19.3318,5.8679,11.1714,11.5887,-120.1
Dakshina Kannada (Mangaluru),28,2.2849,3.0593,3.073,1.2214,2.4996,2.7892,-34.49
Darjeeling,28,17.6213,10.4136,10.7172,11.6071,8.7275,8.8774,39.18
Dehradun,28,9.3568,8.9869,9.1946,4.4679,4.5352,4.7022,1.73
East Khasi Hills (Cherrapunji/Sohra),28,9.9635,11.433,11.0844,6.1607,10.0824,9.1303,-11.25
East Sikkim (Gangtok),28,11.7319,10.9616,9.0632,7.875,8.7265,7.1379,22.75
Ernakulam (Kochi),28,4.119,4.1839,4.4922,1.7929,3.483,3.7575,-9.06
Hyderabad,28,5.4791,3.4653,3.4902,3.3107,2.7861,2.6042,36.3
Idukki,28,5.8003,4.8747,5.0913,4.9536,4.0857,4.26,12.22
Jaipur,28,1.877,2.5092,2.8274,1.0464,2.0684,2.0594,-50.63
Jodhpur,28,1.9558,2.3423,2.0722,0.85,2.0431,1.1429,-5.95
Kamrup Metropolitan (Guwahati),28,4.9263,9.6654,9.0453,3.5464,8.287,7.5325,-83.61
Khordha (Bhubaneswar),28,9.6432,10.3864,13.4827,6.6393,8.5488,9.72,-39.82
Kolhapur,28,2.7316,3.4625,3.4057,1.925,2.9475,3.028,-24.68
Kolkata,28,9.8073,10.7528,9.2469,6.9429,7.8369,6.8243,5.71
Kozhikode,28,1.4404,2.935,3.7038,0.875,2.7129,3.551,-157.15
Kullu (Manali),28,4.7888,4.1136,4.1485,2.5607,2.8733,3.0726,13.37
Kutch (Bhuj),28,16.6215,9.1726,9.9612,4.2643,4.0866,3.5477,40.07
Lucknow,28,12.8537,15.9232,12.9276,6.4679,9.2663,8.3963,-0.57
Madurai,28,8.2082,8.0835,7.9909,4.1179,5.9129,5.6264,2.65
Mumbai City,28,3.4663,4.9097,5.1938,2.7464,4.2555,4.3947,-49.84
Mumbai Suburban,28,5.0741,6.8068,6.1431,2.8893,4.9323,4.7061,-21.07
NTR (Vijayawada),28,9.1438,11.4888,11.9717,5.0607,5.8555,5.9999,-30.93
Nagpur,28,6.2326,7.9402,8.095,4.125,5.8144,5.4876,-29.88
Nainital,28,8.4272,14.0457,14.2369,4.6214,7.3957,7.1272,-68.94
Nashik,28,5.8139,5.0845,4.944,3.6107,4.1324,4.1017,14.96
New Delhi,28,4.9646,4.5211,5.1922,2.9321,3.0883,3.3206,-4.58
Nilgiris (Udhagamandalam),28,13.0111,7.1147,7.4572,6.0536,4.9086,5.1902,42.69
North Goa (Panaji),28,4.3519,3.9338,4.3822,2.9321,3.2409,3.6343,-0.7
Palakkad,28,5.8961,5.1381,4.9314,3.6071,4.6041,4.2308,16.36
Patna,28,9.0498,8.4966,8.0925,5.4107,5.9488,5.6338,10.58
Pune,28,6.015,4.5526,4.224,3.7821,3.6687,3.4586,29.78
Puri,28,10.1666,13.2458,15.8746,6.575,8.6977,9.3429,-56.14
Raigad,28,3.9362,5.0721,5.2476,3.0036,4.3767,4.4902,-33.32
Ranchi,28,17.5613,7.5986,6.6073,8.3036,5.4079,5.3203,62.38
Ratnagiri,28,3.6747,4.6109,4.3917,2.8821,3.8566,3.7698,-19.51
Satara,28,4.3824,4.6955,4.2651,2.5929,3.4424,3.3389,2.68
Shimla,28,3.8406,3.0414,3.1239,2.7143,2.2534,2.3601,18.66
Shivamogga (Agumbe),28,2.8018,2.6396,3.0891,1.8643,2.2562,2.7627,-10.25
Sindhudurg,28,4.6801,5.2483,5.3318,3.5643,4.5033,4.642,-13.92
Solapur,28,3.2864,3.901,3.6285,2.2464,3.0984,2.8134,-10.41
Srinagar,28,1.603,1.869,2.2868,1.1607,1.391,1.7064,-42.65
Surat,28,4.6687,5.7199,6.0505,2.7071,4.2169,4.4321,-29.6
Thane,28,6.9864,7.2074,6.8146,3.4821,5.0874,4.832,2.46
Thiruvananthapuram,28,4.9533,5.8421,5.9218,2.8143,3.9395,4.4766,-19.55
Uttara Kannada (Karwar),28,3.9598,4.5796,4.7319,2.3786,3.5311,3.7339,-19.5
Varanasi,28,5.4175,6.5491,5.6935,3.4036,4.8227,4.2722,-5.1
Visakhapatnam,28,30.0181,16.159,15.098,10.4536,8.1912,8.1858,49.7
Wayanad,28,8.7725,6.1056,5.2734,5.7036,4.9801,4.4091,39.89
