split,district,date,init_utc,valid_utc,lead_hours,dataset_gfs,raw_gfs,dataset_era5,raw_era5,abs_diff,source_gfs,source_era5
Train,Srinagar,2026-05-11,2026-05-10 00:00:00,2026-05-11 08:30:00,24,1.9,1.9,1.0,1.0,0.9,NOAA_GFS,ECMWF_ERA5_LAND_REANALYSIS
Train,Madurai,2026-05-22,2026-05-21 00:00:00,2026-05-22 08:30:00,24,0.7,0.7,0.2,0.2,0.5,NOAA_GFS,ECMWF_ERA5_LAND_REANALYSIS
Train,Kamrup Metropolitan (Guwahati),2026-06-08,2026-06-07 00:00:00,2026-06-08 08:30:00,24,10.8,10.8,4.2,4.2,6.6,NOAA_GFS,ECMWF_ERA5_LAND_REANALYSIS
Train,Patna,2026-06-08,2026-06-07 00:00:00,2026-06-08 08:30:00,24,0.0,0.0,0.1,0.1,0.1,NOAA_GFS,ECMWF_ERA5_LAND_REANALYSIS
Train,Raigad,2026-07-27,2026-07-26 00:00:00,2026-07-27 08:30:00,24,29.6,29.6,42.8,42.8,13.2,NOAA_GFS,ECMWF_ERA5_LAND_REANALYSIS
Train,Kutch (Bhuj),2026-06-07,2026-06-06 00:00:00,2026-06-07 08:30:00,24,0.0,0.0,0.0,0.0,0.0,NOAA_GFS,ECMWF_ERA5_LAND_REANALYSIS
Train,Dakshina Kannada (Mangaluru),2026-07-27,2026-07-26 00:00:00,2026-07-27 08:30:00,24,19.8,19.8,27.2,27.2,7.4,NOAA_GFS,ECMWF_ERA5_LAND_REANALYSIS
Train,Dehradun,2026-07-28,2026-07-27 00:00:00,2026-07-28 08:30:00,24,28.6,28.6,50.7,50.7,22.1,NOAA_GFS,ECMWF_ERA5_LAND_REANALYSIS
Train,Jodhpur,2026-04-04,2026-04-03 00:00:00,2026-04-04 08:30:00,24,0.1,0.1,0.0,0.0,0.1,NOAA_GFS,ECMWF_ERA5_LAND_REANALYSIS
Train,Raigad,2026-04-22,2026-04-21 00:00:00,2026-04-22 08:30:00,24,0.0,0.0,0.3,0.3,0.3,NOAA_GFS,ECMWF_ERA5_LAND_REANALYSIS
Train,Kozhikode,2026-06-18,2026-06-17 00:00:00,2026-06-18 08:30:00,24,31.0,31.0,11.5,11.5,19.5,NOAA_GFS,ECMWF_ERA5_LAND_REANALYSIS
Train,Cuttack,2026-07-01,2026-06-30 00:00:00,2026-07-01 08:30:00,24,0.4,0.4,40.1,40.1,39.7,NOAA_GFS,ECMWF_ERA5_LAND_REANALYSIS
Train,Dakshina Kannada (Mangaluru),2026-04-09,2026-04-08 00:00:00,2026-04-09 08:30:00,24,0.3,0.3,0.3,0.3,0.0,NOAA_GFS,ECMWF_ERA5_LAND_REANALYSIS
Train,NTR (Vijayawada),2026-04-20,2026-04-19 00:00:00,2026-04-20 08:30:00,24,0.0,0.0,0.1,0.1,0.1,NOAA_GFS,ECMWF_ERA5_LAND_REANALYSIS
Train,Dehradun,2026-04-15,2026-04-14 00:00:00,2026-04-15 08:30:00,24,0.0,0.0,0.0,0.0,0.0,NOAA_GFS,ECMWF_ERA5_LAND_REANALYSIS
Train,Ernakulam (Kochi),2026-06-03,2026-06-02 00:00:00,2026-06-03 08:30:00,24,25.0,25.0,18.5,18.5,6.5,NOAA_GFS,ECMWF_ERA5_LAND_REANALYSIS
Train,Ernakulam (Kochi),2026-04-05,2026-04-04 00:00:00,2026-04-05 08:30:00,24,1.8,1.8,0.5,0.5,1.3,NOAA_GFS,ECMWF_ERA5_LAND_REANALYSIS
Train,Kolkata,2026-05-30,2026-05-29 00:00:00,2026-05-30 08:30:00,24,0.0,0.0,3.4,3.4,3.4,NOAA_GFS,ECMWF_ERA5_LAND_REANALYSIS
Train,Visakhapatnam,2026-05-13,2026-05-12 00:00:00,2026-05-13 08:30:00,24,0.0,0.0,0.0,0.0,0.0,NOAA_GFS,ECMWF_ERA5_LAND_REANALYSIS
Train,Surat,2026-05-21,2026-05-20 00:00:00,2026-05-21 08:30:00,24,0.0,0.0,0.0,0.0,0.0,NOAA_GFS,ECMWF_ERA5_LAND_REANALYSIS
Validation,Madurai,2026-08-27,2026-08-26 00:00:00,2026-08-27 08:30:00,24,1.0,1.0,1.2,1.2,0.2,NOAA_GFS,ECMWF_ERA5_LAND_REANALYSIS
Validation,Wayanad,2026-08-23,2026-08-22 00:00:00,2026-08-23 08:30:00,24,1.5,1.5,4.0,4.0,2.5,NOAA_GFS,ECMWF_ERA5_LAND_REANALYSIS
Validation,Amritsar,2026-08-16,2026-08-15 00:00:00,2026-08-16 08:30:00,24,0.0,0.0,9.3,9.3,9.3,NOAA_GFS,ECMWF_ERA5_LAND_REANALYSIS
Validation,NTR (Vijayawada),2026-08-15,2026-08-14 00:00:00,2026-08-15 08:30:00,24,3.5,3.5,1.3,1.3,2.2,NOAA_GFS,ECMWF_ERA5_LAND_REANALYSIS
Validation,Ahmedabad,2026-08-25,2026-08-24 00:00:00,2026-08-25 08:30:00,24,0.0,0.0,1.7,1.7,1.7,NOAA_GFS,ECMWF_ERA5_LAND_REANALYSIS
Validation,Kullu (Manali),2026-08-14,2026-08-13 00:00:00,2026-08-14 08:30:00,24,15.2,15.2,2.3,2.3,12.9,NOAA_GFS,ECMWF_ERA5_LAND_REANALYSIS
Validation,Visakhapatnam,2026-08-07,2026-08-06 00:00:00,2026-08-07 08:30:00,24,10.5,10.5,14.4,14.4,3.9,NOAA_GFS,ECMWF_ERA5_LAND_REANALYSIS
Validation,Madurai,2026-08-16,2026-08-15 00:00:00,2026-08-16 08:30:00,24,0.0,0.0,0.0,0.0,0.0,NOAA_GFS,ECMWF_ERA5_LAND_REANALYSIS
Validation,Dehradun,2026-08-22,2026-08-21 00:00:00,2026-08-22 08:30:00,24,20.5,20.5,6.3,6.3,14.2,NOAA_GFS,ECMWF_ERA5_LAND_REANALYSIS
Validation,Chennai,2026-08-21,2026-08-20 00:00:00,2026-08-21 08:30:00,24,0.5,0.5,3.5,3.5,3.0,NOAA_GFS,ECMWF_ERA5_LAND_REANALYSIS
Validation,Jaipur,2026-08-25,2026-08-24 00:00:00,2026-08-25 08:30:00,24,1.1,1.1,5.1,5.1,4.0,NOAA_GFS,ECMWF_ERA5_LAND_REANALYSIS
Validation,New Delhi,2026-08-06,2026-08-05 00:00:00,2026-08-06 08:30:00,24,13.5,13.5,12.8,12.8,0.7,NOAA_GFS,ECMWF_ERA5_LAND_REANALYSIS
Validation,Shimla,2026-08-20,2026-08-19 00:00:00,2026-08-20 08:30:00,24,3.1,3.1,6.0,6.0,2.9,NOAA_GFS,ECMWF_ERA5_LAND_REANALYSIS
Validation,Srinagar,2026-08-26,2026-08-25 00:00:00,2026-08-26 08:30:00,24,0.0,0.0,0.0,0.0,0.0,NOAA_GFS,ECMWF_ERA5_LAND_REANALYSIS
Validation,Sindhudurg,2026-08-30,2026-08-29 00:00:00,2026-08-30 08:30:00,24,8.0,8.0,9.4,9.4,1.4,NOAA_GFS,ECMWF_ERA5_LAND_REANALYSIS
Validation,Solapur,2026-08-19,2026-08-18 00:00:00,2026-08-19 08:30:00,24,0.5,0.5,1.2,1.2,0.7,NOAA_GFS,ECMWF_ERA5_LAND_REANALYSIS
Validation,Raigad,2026-08-28,2026-08-27 00:00:00,2026-08-28 08:30:00,24,11.2,11.2,8.0,8.0,3.2,NOAA_GFS,ECMWF_ERA5_LAND_REANALYSIS
Validation,Ahmedabad,2026-08-13,2026-08-12 00:00:00,2026-08-13 08:30:00,24,11.8,11.8,10.5,10.5,1.3,NOAA_GFS,ECMWF_ERA5_LAND_REANALYSIS
Validation,Kolhapur,2026-08-09,2026-08-08 00:00:00,2026-08-09 08:30:00,24,0.6,0.6,2.0,2.0,1.4,NOAA_GFS,ECMWF_ERA5_LAND_REANALYSIS
Validation,Solapur,2026-08-15,2026-08-14 00:00:00,2026-08-15 08:30:00,24,0.0,0.0,1.8,1.8,1.8,NOAA_GFS,ECMWF_ERA5_LAND_REANALYSIS
Test,New Delhi,2026-09-06,2026-09-05 00:00:00,2026-09-06 08:30:00,24,2.8,2.8,18.1,18.1,15.3,NOAA_GFS,ECMWF_ERA5_LAND_REANALYSIS
Test,Darjeeling,2026-09-18,2026-09-17 00:00:00,2026-09-18 08:30:00,24,7.9,7.9,19.6,19.6,11.7,NOAA_GFS,ECMWF_ERA5_LAND_REANALYSIS
Test,North Goa (Panaji),2026-09-24,2026-09-23 00:00:00,2026-09-24 08:30:00,24,7.5,7.5,22.4,22.4,14.9,NOAA_GFS,ECMWF_ERA5_LAND_REANALYSIS
Test,Nilgiris (Udhagamandalam),2026-09-15,2026-09-14 00:00:00,2026-09-15 08:30:00,24,18.0,18.0,14.0,14.0,4.0,NOAA_GFS,ECMWF_ERA5_LAND_REANALYSIS
Test,NTR (Vijayawada),2026-09-20,2026-09-19 00:00:00,2026-09-20 08:30:00,24,11.9,11.9,3.4,3.4,8.5,NOAA_GFS,ECMWF_ERA5_LAND_REANALYSIS
Test,NTR (Vijayawada),2026-09-07,2026-09-06 00:00:00,2026-09-07 08:30:00,24,2.9,2.9,1.7,1.7,1.2,NOAA_GFS,ECMWF_ERA5_LAND_REANALYSIS
Test,Cachar (Silchar),2026-09-19,2026-09-18 00:00:00,2026-09-19 08:30:00,24,2.2,2.2,0.0,0.0,2.2,NOAA_GFS,ECMWF_ERA5_LAND_REANALYSIS
Test,Varanasi,2026-09-08,2026-09-07 00:00:00,2026-09-08 08:30:00,24,3.1,3.1,7.1,7.1,4.0,NOAA_GFS,ECMWF_ERA5_LAND_REANALYSIS
Test,Kutch (Bhuj),2026-09-05,2026-09-04 00:00:00,2026-09-05 08:30:00,24,0.0,0.0,0.0,0.0,0.0,NOAA_GFS,ECMWF_ERA5_LAND_REANALYSIS
Test,Palakkad,2026-09-03,2026-09-02 00:00:00,2026-09-03 08:30:00,24,0.5,0.5,4.5,4.5,4.0,NOAA_GFS,ECMWF_ERA5_LAND_REANALYSIS
Test,Kullu (Manali),2026-09-27,2026-09-26 00:00:00,2026-09-27 08:30:00,24,10.7,10.7,2.5,2.5,8.2,NOAA_GFS,ECMWF_ERA5_LAND_REANALYSIS
Test,Thiruvananthapuram,2026-09-11,2026-09-10 00:00:00,2026-09-11 08:30:00,24,0.0,0.0,2.1,2.1,2.1,NOAA_GFS,ECMWF_ERA5_LAND_REANALYSIS
Test,Bengaluru Urban,2026-09-05,2026-09-04 00:00:00,2026-09-05 08:30:00,24,0.0,0.0,0.0,0.0,0.0,NOAA_GFS,ECMWF_ERA5_LAND_REANALYSIS
Test,Uttara Kannada (Karwar),2026-09-19,2026-09-18 00:00:00,2026-09-19 08:30:00,24,0.4,0.4,0.7,0.7,0.3,NOAA_GFS,ECMWF_ERA5_LAND_REANALYSIS
Test,Nashik,2026-09-17,2026-09-16 00:00:00,2026-09-17 08:30:00,24,1.4,1.4,4.3,4.3,2.9,NOAA_GFS,ECMWF_ERA5_LAND_REANALYSIS
Test,Surat,2026-09-22,2026-09-21 00:00:00,2026-09-22 08:30:00,24,1.9,1.9,4.0,4.0,2.1,NOAA_GFS,ECMWF_ERA5_LAND_REANALYSIS
Test,Chhatrapati Sambhaji Nagar (Aurangabad),2026-09-12,2026-09-11 00:00:00,2026-09-12 08:30:00,24,2.9,2.9,12.2,12.2,9.3,NOAA_GFS,ECMWF_ERA5_LAND_REANALYSIS
Test,Kamrup Metropolitan (Guwahati),2026-09-23,2026-09-22 00:00:00,2026-09-23 08:30:00,24,8.2,8.2,8.8,8.8,0.6,NOAA_GFS,ECMWF_ERA5_LAND_REANALYSIS
Test,Kamrup Metropolitan (Guwahati),2026-09-14,2026-09-13 00:00:00,2026-09-14 08:30:00,24,2.1,2.1,2.0,2.0,0.1,NOAA_GFS,ECMWF_ERA5_LAND_REANALYSIS
Test,Bhopal,2026-09-11,2026-09-10 00:00:00,2026-09-11 08:30:00,24,4.3,4.3,7.1,7.1,2.8,NOAA_GFS,ECMWF_ERA5_LAND_REANALYSIS
